Profile Picture,Name,Mobile,Specialty,Location,Experience,User Rating
doctorProfile1.png,Ariful Islam,184,General Physician,Jatrabari,10years,4.1
doctorProfile2.png,Michael Williams,184,Pediatrician,Chicago,12years,4.3
doctorProfile3.png,Emily Davis,184,Orthopedic Surgeon,Houston,8years,4.8
doctorProfile4.png,Ryan Wilson,184,Neurologist,San Francisco,18years,4.6
doctorProfile5.png,Kamrul Hasan,184,General Physician,Mirpur 12,15years,4.5
doctorProfile6.png,Samantha Martinez,184,Pulmonologist,San Jose,12years,4.9
doctorProfile7.png,Olivia Brown,184,Gynecologist,Miami,14years,4.4
doctorProfile8.png,Ethan Taylor,184,Psychiatrist,Boston,9years,4.7
doctorProfile9.png,Shanaya Andy,184,Ophthalmologist,Dallas,11years,4.2
doctorProfile10.png,Rachel Thompson,184,ENT Specialist,Seattle,13years,4.5
doctorProfile11.png,Riya Garcia,184,Internal Medicine,Atlanta,7 years,4.3
doctorProfile12.png,William Brown,184,Family Medicine,Chicago,9years,4.8
doctorProfile13.png,Emma Wilson,184,Obstetrician,Los Angeles,13years,4.6
doctorProfile14.png,James Johnson,184,Allergist,New York,11years,4.1
doctorProfile15.png,Olivia Wilson,184,Cardiothoracic Surgeon,San Francisco,16years,4.9
doctorProfile16.png,Michael Thompson,184,General Surgeon,Houston,14years,4.5
doctorProfile17.png,Charlotte Garcia,184,Anesthesiologist,Seattle,10years,4.4
doctorProfile18.png,Aiden Martinez,184,Neurosurgeon,Boston,17years,4.3
doctorProfile19.png,Isabella Smith,184,Pediatric Surgeon,Dallas,12years,4.7
doctorProfile20.png,Liam Taylor,184,Plastic Surgeon,Phoenix,15years,4.8
doctorProfile21.png,Emma Davis,184,Pathologist,Atlanta,8years,4.2
doctorProfile22.png,Noah Jones,184,Podiatrist,San Diego,10years,4.6
doctorProfile23.png,Amelia Brown,184,Oncologist,Philadelphia,11years,4.4
doctorProfile24.png,Lucas Wilson,184,Radiologist,Chicago,9years,4.5
doctorProfile25.png,Mia Thompson,184,Orthodontist,Houston,14years,4.1
doctorProfile26.png,Alexander Martinez,184,Oral Surgeon,Los Angeles,16years,4.9
doctorProfile27.png,Sophia Johnson,184,Psychologist,New York,13years,4.3
doctorProfile28.png,Ethan Wilson,184,Speech Therapist,San Francisco,7years,4.8
doctorProfile29.png,Candace Kareem,184,Physical Therapist,Seattle,9years,4.7
doctorProfile30.png,James Smith,184,Occupational Therapist,Boston,11years,4.2
doctorProfile31.png,Scarlet Davis,184,Orthopedic Surgeon,Houston,8years,4.6
doctorProfile32.png,Andrew Wilson,184,Neurologist,San Francisco,18years,4.4
doctorProfile33.png,Karen Levis,184,Gynecologist,Miami,14years,4.5
doctorProfile34.png,Ramen Taylor,184,Psychiatrist,Boston,9years,4.9
doctorProfile35.png,Ava Anderson,184,Ophthalmologist,Dallas,11years,4.3
doctorProfile36.png,Benjamin Thompson,184,ENT Specialist,Seattle,13years,4.7
doctorProfile37.png,Mia Garcia,184,Internal Medicine,Atlanta,7years,4.8
doctorProfile38.png,John Smith,184,Dermatologist,New York,20years,4.1
doctorProfile39.png,Jessica Johnson,184,Cardiologist,Los Angeles,17years,4.6
doctorProfile40.png,Michael Johnson,184,Endocrinologist,Chicago,14years,4.5
doctorProfile41.png,Emily Wilson,184,Anesthesiologist,Houston,11years,4.4
doctorProfile42.png,Chris Brown,184,Urologist,Phoenix,8years,4.3
doctorProfile43.png,Jessica Taylor,184,Rheumatologist,Philadelphia,5years,4.8
doctorProfile44.png,David Miller,184,Oncologist,San Antonio,3years,4.9
doctorProfile45.png,Amy Anderson,184,Hematologist,San Diego,10years,4.5
doctorProfile46.png,Matthew Clark,184,Nephrologist,Dallas,15years,4.6
